{
  "recall_at_k": {
    "1": 0.97,
    "2": 0.995,
    "3": 1.0,
    "4": 1.0,
    "5": 1.0,
    "6": 1.0,
    "7": 1.0,
    "8": 1.0,
    "9": 1.0,
    "10": 1.0,
    "11": 1.0,
    "12": 1.0,
    "13": 1.0,
    "14": 1.0,
    "15": 1.0,
    "16": 1.0,
    "17": 1.0,
    "18": 1.0,
    "19": 1.0,
    "20": 1.0
  },
  "precision_at_k": {
    "1": 0.97,
    "2": 0.955,
    "3": 0.9333333333333332,
    "4": 0.9,
    "5": 0.87,
    "6": 0.835,
    "7": 0.8014285714285714,
    "8": 0.754375,
    "9": 0.7188888888888889,
    "10": 0.6930000000000001,
    "11": 0.6586363636363637,
    "12": 0.6283333333333333,
    "13": 0.596923076923077,
    "14": 0.5692857142857143,
    "15": 0.545,
    "16": 0.52375,
    "17": 0.49941176470588233,
    "18": 0.4797222222222222,
    "19": 0.46263157894736845,
    "20": 0.44400000000000006
  },
  "mrr": 0.9841666666666667,
  "ndcg": 0.9428321871527178,
  "avg_query_time": 0.032195065021514896
}