{
  "1": {
    "recall_at_k": {
      "1": 0.788,
      "2": 0.92,
      "3": 0.962,
      "4": 0.974,
      "5": 0.98,
      "6": 0.986,
      "7": 0.99,
      "8": 0.99,
      "9": 0.996,
      "10": 0.996,
      "11": 0.996,
      "12": 0.998,
      "13": 0.998,
      "14": 0.998,
      "15": 0.998,
      "16": 1.0,
      "17": 1.0,
      "18": 1.0,
      "19": 1.0,
      "20": 1.0
    },
    "precision_at_k": {
      "1": 0.788,
      "2": 0.642,
      "3": 0.5,
      "4": 0.4065,
      "5": 0.344,
      "6": 0.29233333333333333,
      "7": 0.2568571428571428,
      "8": 0.229,
      "9": 0.20644444444444449,
      "10": 0.18780000000000002,
      "11": 0.17309090909090907,
      "12": 0.15966666666666662,
      "13": 0.14846153846153842,
      "14": 0.13814285714285712,
      "15": 0.12946666666666665,
      "16": 0.12225,
      "17": 0.11517647058823531,
      "18": 0.10888888888888891,
      "19": 0.10326315789473682,
      "20": 0.0981
    },
    "mrr": 0.8747297619047619,
    "ndcg": 0.852813658431035
  },
  "5": {
    "recall_at_k": {
      "1": 0.982,
      "2": 0.996,
      "3": 1.0,
      "4": 1.0,
      "5": 1.0,
      "6": 1.0,
      "7": 1.0,
      "8": 1.0,
      "9": 1.0,
      "10": 1.0,
      "11": 1.0,
      "12": 1.0,
      "13": 1.0,
      "14": 1.0,
      "15": 1.0,
      "16": 1.0,
      "17": 1.0,
      "18": 1.0,
      "19": 1.0,
      "20": 1.0
    },
    "precision_at_k": {
      "1": 0.982,
      "2": 0.963,
      "3": 0.9406666666666668,
      "4": 0.914,
      "5": 0.8804000000000001,
      "6": 0.8463333333333334,
      "7": 0.81,
      "8": 0.77175,
      "9": 0.738,
      "10": 0.705,
      "11": 0.6707272727272727,
      "12": 0.638,
      "13": 0.6081538461538462,
      "14": 0.5801428571428571,
      "15": 0.5546666666666666,
      "16": 0.531625,
      "17": 0.5094117647058823,
      "18": 0.48866666666666664,
      "19": 0.4685263157894736,
      "20": 0.4506
    },
    "mrr": 0.9903333333333333,
    "ndcg": 0.9472544118953892
  },
  "10": {
    "recall_at_k": {
      "1": 0.996,
      "2": 1.0,
      "3": 1.0,
      "4": 1.0,
      "5": 1.0,
      "6": 1.0,
      "7": 1.0,
      "8": 1.0,
      "9": 1.0,
      "10": 1.0,
      "11": 1.0,
      "12": 1.0,
      "13": 1.0,
      "14": 1.0,
      "15": 1.0,
      "16": 1.0,
      "17": 1.0,
      "18": 1.0,
      "19": 1.0,
      "20": 1.0
    },
    "precision_at_k": {
      "1": 0.996,
      "2": 0.992,
      "3": 0.984,
      "4": 0.979,
      "5": 0.97,
      "6": 0.9593333333333333,
      "7": 0.952,
      "8": 0.93925,
      "9": 0.9264444444444444,
      "10": 0.9132,
      "11": 0.8967272727272727,
      "12": 0.8804999999999998,
      "13": 0.8627692307692308,
      "14": 0.846,
      "15": 0.8301333333333334,
      "16": 0.813,
      "17": 0.7948235294117647,
      "18": 0.7765555555555557,
      "19": 0.7582105263157893,
      "20": 0.7395
    },
    "mrr": 0.998,
    "ndcg": 0.9792892917784293
  },
  "30": {
    "recall_at_k": {
      "1": 1.0,
      "2": 1.0,
      "3": 1.0,
      "4": 1.0,
      "5": 1.0,
      "6": 1.0,
      "7": 1.0,
      "8": 1.0,
      "9": 1.0,
      "10": 1.0,
      "11": 1.0,
      "12": 1.0,
      "13": 1.0,
      "14": 1.0,
      "15": 1.0,
      "16": 1.0,
      "17": 1.0,
      "18": 1.0,
      "19": 1.0,
      "20": 1.0
    },
    "precision_at_k": {
      "1": 1.0,
      "2": 1.0,
      "3": 0.9993333333333334,
      "4": 0.9995,
      "5": 0.998,
      "6": 0.9966666666666666,
      "7": 0.9962857142857143,
      "8": 0.99525,
      "9": 0.9937777777777779,
      "10": 0.9937999999999999,
      "11": 0.9929090909090909,
      "12": 0.9913333333333333,
      "13": 0.990923076923077,
      "14": 0.99,
      "15": 0.9885333333333333,
      "16": 0.98725,
      "17": 0.9862352941176471,
      "18": 0.9842222222222222,
      "19": 0.9832631578947368,
      "20": 0.9820999999999999
    },
    "mrr": 1.0,
    "ndcg": 0.9984849754206542
  },
  "60": {
    "recall_at_k": {
      "1": 1.0,
      "2": 1.0,
      "3": 1.0,
      "4": 1.0,
      "5": 1.0,
      "6": 1.0,
      "7": 1.0,
      "8": 1.0,
      "9": 1.0,
      "10": 1.0,
      "11": 1.0,
      "12": 1.0,
      "13": 1.0,
      "14": 1.0,
      "15": 1.0,
      "16": 1.0,
      "17": 1.0,
      "18": 1.0,
      "19": 1.0,
      "20": 1.0
    },
    "precision_at_k": {
      "1": 1.0,
      "2": 1.0,
      "3": 1.0,
      "4": 1.0,
      "5": 0.9996,
      "6": 0.9996666666666667,
      "7": 0.9994285714285714,
      "8": 0.99925,
      "9": 0.9991111111111111,
      "10": 0.999,
      "11": 0.9989090909090909,
      "12": 0.9988333333333334,
      "13": 0.9987692307692307,
      "14": 0.9985714285714286,
      "15": 0.9984,
      "16": 0.99825,
      "17": 0.998,
      "18": 0.9978888888888889,
      "19": 0.9976842105263158,
      "20": 0.9974000000000001
    },
    "mrr": 1.0,
    "ndcg": 0.9999031894599744
  }
}