{
  "original": {
    "recall_at_k": {
      "1": 0.975,
      "2": 0.995,
      "3": 1.0,
      "4": 1.0,
      "5": 1.0,
      "6": 1.0,
      "7": 1.0,
      "8": 1.0,
      "9": 1.0,
      "10": 1.0,
      "11": 1.0,
      "12": 1.0,
      "13": 1.0,
      "14": 1.0,
      "15": 1.0,
      "16": 1.0,
      "17": 1.0,
      "18": 1.0,
      "19": 1.0,
      "20": 1.0
    },
    "precision_at_k": {
      "1": 0.975,
      "2": 0.9625,
      "3": 0.94,
      "4": 0.9125,
      "5": 0.879,
      "6": 0.8458333333333334,
      "7": 0.8107142857142857,
      "8": 0.77,
      "9": 0.7355555555555555,
      "10": 0.6995,
      "11": 0.9989090909090909,
      "12": 0.9988333333333334,
      "13": 0.9987692307692307,
      "14": 0.9985714285714286,
      "15": 0.9984,
      "16": 0.99825,
      "17": 0.998,
      "18": 0.9978888888888889,
      "19": 0.9976842105263158,
      "20": 0.9974000000000001
    },
    "mrr": 0.9866666666666667,
    "ndcg": 0.968426083752166
  },
  "brightness_low": {
    "recall_at_k": {
      "1": 0.975,
      "2": 0.995,
      "3": 1.0,
      "4": 1.0,
      "5": 1.0,
      "6": 1.0,
      "7": 1.0,
      "8": 1.0,
      "9": 1.0,
      "10": 1.0,
      "11": 1.0,
      "12": 1.0,
      "13": 1.0,
      "14": 1.0,
      "15": 1.0,
      "16": 1.0,
      "17": 1.0,
      "18": 1.0,
      "19": 1.0,
      "20": 1.0
    },
    "precision_at_k": {
      "1": 0.975,
      "2": 0.9625,
      "3": 0.94,
      "4": 0.9125,
      "5": 0.879,
      "6": 0.8458333333333334,
      "7": 0.8107142857142857,
      "8": 0.77,
      "9": 0.7355555555555555,
      "10": 0.6995,
      "11": 0.9989090909090909,
      "12": 0.9988333333333334,
      "13": 0.9987692307692307,
      "14": 0.9985714285714286,
      "15": 0.9984,
      "16": 0.99825,
      "17": 0.998,
      "18": 0.9978888888888889,
      "19": 0.9976842105263158,
      "20": 0.9974000000000001
    },
    "mrr": 0.9866666666666667,
    "ndcg": 0.968426083752166
  },
  "brightness_high": {
    "recall_at_k": {
      "1": 0.975,
      "2": 0.995,
      "3": 1.0,
      "4": 1.0,
      "5": 1.0,
      "6": 1.0,
      "7": 1.0,
      "8": 1.0,
      "9": 1.0,
      "10": 1.0,
      "11": 1.0,
      "12": 1.0,
      "13": 1.0,
      "14": 1.0,
      "15": 1.0,
      "16": 1.0,
      "17": 1.0,
      "18": 1.0,
      "19": 1.0,
      "20": 1.0
    },
    "precision_at_k": {
      "1": 0.975,
      "2": 0.9625,
      "3": 0.94,
      "4": 0.9125,
      "5": 0.879,
      "6": 0.8458333333333334,
      "7": 0.8107142857142857,
      "8": 0.77,
      "9": 0.7355555555555555,
      "10": 0.6995,
      "11": 0.9989090909090909,
      "12": 0.9988333333333334,
      "13": 0.9987692307692307,
      "14": 0.9985714285714286,
      "15": 0.9984,
      "16": 0.99825,
      "17": 0.998,
      "18": 0.9978888888888889,
      "19": 0.9976842105263158,
      "20": 0.9974000000000001
    },
    "mrr": 0.9866666666666667,
    "ndcg": 0.968426083752166
  },
  "contrast_low": {
    "recall_at_k": {
      "1": 0.975,
      "2": 0.995,
      "3": 1.0,
      "4": 1.0,
      "5": 1.0,
      "6": 1.0,
      "7": 1.0,
      "8": 1.0,
      "9": 1.0,
      "10": 1.0,
      "11": 1.0,
      "12": 1.0,
      "13": 1.0,
      "14": 1.0,
      "15": 1.0,
      "16": 1.0,
      "17": 1.0,
      "18": 1.0,
      "19": 1.0,
      "20": 1.0
    },
    "precision_at_k": {
      "1": 0.975,
      "2": 0.9625,
      "3": 0.94,
      "4": 0.9125,
      "5": 0.879,
      "6": 0.8458333333333334,
      "7": 0.8107142857142857,
      "8": 0.77,
      "9": 0.7355555555555555,
      "10": 0.6995,
      "11": 0.9989090909090909,
      "12": 0.9988333333333334,
      "13": 0.9987692307692307,
      "14": 0.9985714285714286,
      "15": 0.9984,
      "16": 0.99825,
      "17": 0.998,
      "18": 0.9978888888888889,
      "19": 0.9976842105263158,
      "20": 0.9974000000000001
    },
    "mrr": 0.9866666666666667,
    "ndcg": 0.968426083752166
  },
  "contrast_high": {
    "recall_at_k": {
      "1": 0.975,
      "2": 0.995,
      "3": 1.0,
      "4": 1.0,
      "5": 1.0,
      "6": 1.0,
      "7": 1.0,
      "8": 1.0,
      "9": 1.0,
      "10": 1.0,
      "11": 1.0,
      "12": 1.0,
      "13": 1.0,
      "14": 1.0,
      "15": 1.0,
      "16": 1.0,
      "17": 1.0,
      "18": 1.0,
      "19": 1.0,
      "20": 1.0
    },
    "precision_at_k": {
      "1": 0.975,
      "2": 0.9625,
      "3": 0.94,
      "4": 0.9125,
      "5": 0.879,
      "6": 0.8458333333333334,
      "7": 0.8107142857142857,
      "8": 0.77,
      "9": 0.7355555555555555,
      "10": 0.6995,
      "11": 0.9989090909090909,
      "12": 0.9988333333333334,
      "13": 0.9987692307692307,
      "14": 0.9985714285714286,
      "15": 0.9984,
      "16": 0.99825,
      "17": 0.998,
      "18": 0.9978888888888889,
      "19": 0.9976842105263158,
      "20": 0.9974000000000001
    },
    "mrr": 0.9866666666666667,
    "ndcg": 0.968426083752166
  },
  "gaussian_blur": {
    "recall_at_k": {
      "1": 0.975,
      "2": 0.995,
      "3": 1.0,
      "4": 1.0,
      "5": 1.0,
      "6": 1.0,
      "7": 1.0,
      "8": 1.0,
      "9": 1.0,
      "10": 1.0,
      "11": 1.0,
      "12": 1.0,
      "13": 1.0,
      "14": 1.0,
      "15": 1.0,
      "16": 1.0,
      "17": 1.0,
      "18": 1.0,
      "19": 1.0,
      "20": 1.0
    },
    "precision_at_k": {
      "1": 0.975,
      "2": 0.9625,
      "3": 0.94,
      "4": 0.9125,
      "5": 0.879,
      "6": 0.8458333333333334,
      "7": 0.8107142857142857,
      "8": 0.77,
      "9": 0.7355555555555555,
      "10": 0.6995,
      "11": 0.9989090909090909,
      "12": 0.9988333333333334,
      "13": 0.9987692307692307,
      "14": 0.9985714285714286,
      "15": 0.9984,
      "16": 0.99825,
      "17": 0.998,
      "18": 0.9978888888888889,
      "19": 0.9976842105263158,
      "20": 0.9974000000000001
    },
    "mrr": 0.9866666666666667,
    "ndcg": 0.968426083752166
  },
  "random_crop": {
    "recall_at_k": {
      "1": 0.975,
      "2": 0.995,
      "3": 1.0,
      "4": 1.0,
      "5": 1.0,
      "6": 1.0,
      "7": 1.0,
      "8": 1.0,
      "9": 1.0,
      "10": 1.0,
      "11": 1.0,
      "12": 1.0,
      "13": 1.0,
      "14": 1.0,
      "15": 1.0,
      "16": 1.0,
      "17": 1.0,
      "18": 1.0,
      "19": 1.0,
      "20": 1.0
    },
    "precision_at_k": {
      "1": 0.975,
      "2": 0.9625,
      "3": 0.94,
      "4": 0.9125,
      "5": 0.879,
      "6": 0.8458333333333334,
      "7": 0.8107142857142857,
      "8": 0.77,
      "9": 0.7355555555555555,
      "10": 0.6995,
      "11": 0.9989090909090909,
      "12": 0.9988333333333334,
      "13": 0.9987692307692307,
      "14": 0.9985714285714286,
      "15": 0.9984,
      "16": 0.99825,
      "17": 0.998,
      "18": 0.9978888888888889,
      "19": 0.9976842105263158,
      "20": 0.9974000000000001
    },
    "mrr": 0.9866666666666667,
    "ndcg": 0.968426083752166
  },
  "noise": {
    "recall_at_k": {
      "1": 0.975,
      "2": 0.995,
      "3": 1.0,
      "4": 1.0,
      "5": 1.0,
      "6": 1.0,
      "7": 1.0,
      "8": 1.0,
      "9": 1.0,
      "10": 1.0,
      "11": 1.0,
      "12": 1.0,
      "13": 1.0,
      "14": 1.0,
      "15": 1.0,
      "16": 1.0,
      "17": 1.0,
      "18": 1.0,
      "19": 1.0,
      "20": 1.0
    },
    "precision_at_k": {
      "1": 0.975,
      "2": 0.9625,
      "3": 0.94,
      "4": 0.9125,
      "5": 0.879,
      "6": 0.8458333333333334,
      "7": 0.8107142857142857,
      "8": 0.77,
      "9": 0.7355555555555555,
      "10": 0.6995,
      "11": 0.9989090909090909,
      "12": 0.9988333333333334,
      "13": 0.9987692307692307,
      "14": 0.9985714285714286,
      "15": 0.9984,
      "16": 0.99825,
      "17": 0.998,
      "18": 0.9978888888888889,
      "19": 0.9976842105263158,
      "20": 0.9974000000000001
    },
    "mrr": 0.9866666666666667,
    "ndcg": 0.968426083752166
  },
  "rotate_small": {
    "recall_at_k": {
      "1": 0.975,
      "2": 0.995,
      "3": 1.0,
      "4": 1.0,
      "5": 1.0,