{
  "original": {
    "recall_at_k": {
      "1": 0.99,
      "2": 0.99,
      "3": 0.995,
      "4": 0.995,
      "5": 0.995,
      "6": 1.0,
      "7": 1.0,
      "8": 1.0,
      "9": 1.0,
      "10": 1.0,
      "11": 1.0,
      "12": 1.0,
      "13": 1.0,
      "14": 1.0,
      "15": 1.0,
      "16": 1.0,
      "17": 1.0,
      "18": 1.0,
      "19": 1.0,
      "20": 1.0
    },
    "precision_at_k": {
      "1": 0.99,
      "2": 0.95,
      "3": 0.9133333333333334,
      "4": 0.86125,
      "5": 0.8269999999999998,
      "6": 0.7958333333333334,
      "7": 0.7671428571428572,
      "8": 0.73875,
      "9": 0.7044444444444444,
      "10": 0.6755000000000001,
      "11": 0.8644848484848485,
      "12": 0.8564444444444445,
      "13": 0.8502564102564102,
      "14": 0.8434285714285714,
      "15": 0.8367999999999999,
      "16": 0.8303333333333334,
      "17": 0.824,
      "18": 0.8185185185185185,
      "19": 0.8129122807017545,
      "20": 0.8082666666666667
    },
    "mrr": 0.9925,
    "ndcg": 0.962177889791476
  },
  "brightness_low": {
    "recall_at_k": {
      "1": 0.99,
      "2": 0.99,
      "3": 0.995,
      "4": 0.995,
      "5": 0.995,
      "6": 1.0,
      "7": 1.0,
      "8": 1.0,
      "9": 1.0,
      "10": 1.0,
      "11": 1.0,
      "12": 1.0,
      "13": 1.0,
      "14": 1.0,
      "15": 1.0,
      "16": 1.0,
      "17": 1.0,
      "18": 1.0,
      "19": 1.0,
      "20": 1.0
    },
    "precision_at_k": {
      "1": 0.99,
      "2": 0.95,
      "3": 0.9133333333333334,
      "4": 0.86125,
      "5": 0.8269999999999998,
      "6": 0.7958333333333334,
      "7": 0.7671428571428572,
      "8": 0.73875,
      "9": 0.7044444444444444,
      "10": 0.6755000000000001,
      "11": 0.8644848484848485,
      "12": 0.8564444444444445,
      "13": 0.8502564102564102,
      "14": 0.8434285714285714,
      "15": 0.8367999999999999,
      "16": 0.8303333333333334,
      "17": 0.824,
      "18": 0.8185185185185185,
      "19": 0.8129122807017545,
      "20": 0.8082666666666667
    },
    "mrr": 0.9925,
    "ndcg": 0.962177889791476
  },
  "brightness_high": {
    "recall_at_k": {
      "1": 0.99,
      "2": 0.99,
      "3": 0.995,
      "4": 0.995,
      "5": 0.995,
      "6": 1.0,
      "7": 1.0,
      "8": 1.0,
      "9": 1.0,
      "10": 1.0,
      "11": 1.0,
      "12": 1.0,
      "13": 1.0,
      "14": 1.0,
      "15": 1.0,
      "16": 1.0,
      "17": 1.0,
      "18": 1.0,
      "19": 1.0,
      "20": 1.0
    },
    "precision_at_k": {
      "1": 0.99,
      "2": 0.95,
      "3": 0.9133333333333334,
      "4": 0.86125,
      "5": 0.8269999999999998,
      "6": 0.7958333333333334,
      "7": 0.7671428571428572,
      "8": 0.73875,
      "9": 0.7044444444444444,
      "10": 0.6755000000000001,
      "11": 0.8644848484848485,
      "12": 0.8564444444444445,
      "13": 0.8502564102564102,
      "14": 0.8434285714285714,
      "15": 0.8367999999999999,
      "16": 0.8303333333333334,
      "17": 0.824,
      "18": 0.8185185185185185,
      "19": 0.8129122807017545,
      "20": 0.8082666666666667
    },
    "mrr": 0.9925,
    "ndcg": 0.962177889791476
  },
  "contrast_low": {
    "recall_at_k": {
      "1": 0.99,
      "2": 0.99,
      "3": 0.995,
      "4": 0.995,
      "5": 0.995,
      "6": 1.0,
      "7": 1.0,
      "8": 1.0,
      "9": 1.0,
      "10": 1.0,
      "11": 1.0,
      "12": 1.0,
      "13": 1.0,
      "14": 1.0,
      "15": 1.0,
      "16": 1.0,
      "17": 1.0,
      "18": 1.0,
      "19": 1.0,
      "20": 1.0
    },
    "precision_at_k": {
      "1": 0.99,
      "2": 0.95,
      "3": 0.9133333333333334,
      "4": 0.86125,
      "5": 0.8269999999999998,
      "6": 0.7958333333333334,
      "7": 0.7671428571428572,
      "8": 0.73875,
      "9": 0.7044444444444444,
      "10": 0.6755000000000001,
      "11": 0.8644848484848485,
      "12": 0.8564444444444445,
      "13": 0.8502564102564102,
      "14": 0.8434285714285714,
      "15": 0.8367999999999999,
      "16": 0.8303333333333334,
      "17": 0.824,
      "18": 0.8185185185185185,
      "19": 0.8129122807017545,
      "20": 0.8082666666666667
    },
    "mrr": 0.9925,
    "ndcg": 0.962177889791476
  },
  "contrast_high": {
    "recall_at_k": {
      "1": 0.99,
      "2": 0.99,
      "3": 0.995,
      "4": 0.995,
      "5": 0.995,
      "6": 1.0,
      "7": 1.0,
      "8": 1.0,
      "9": 1.0,
      "10": 1.0,
      "11": 1.0,
      "12": 1.0,
      "13": 1.0,
      "14": 1.0,
      "15": 1.0,
      "16": 1.0,
      "17": 1.0,
      "18": 1.0,
      "19": 1.0,
      "20": 1.0
    },
    "precision_at_k": {
      "1": 0.99,
      "2": 0.95,
      "3": 0.9133333333333334,
      "4": 0.86125,
      "5": 0.8269999999999998,
      "6": 0.7958333333333334,
      "7": 0.7671428571428572,
      "8": 0.73875,
      "9": 0.7044444444444444,
      "10": 0.6755000000000001,
      "11": 0.8644848484848485,
      "12": 0.8564444444444445,
      "13": 0.8502564102564102,
      "14": 0.8434285714285714,
      "15": 0.8367999999999999,
      "16": 0.8303333333333334,
      "17": 0.824,
      "18": 0.8185185185185185,
      "19": 0.8129122807017545,
      "20": 0.8082666666666667
    },
    "mrr": 0.9925,
    "ndcg": 0.962177889791476
  },
  "gaussian_blur": {
    "recall_at_k": {
      "1": 0.99,
      "2": 0.99,
      "3": 0.995,
      "4": 0.995,
      "5": 0.995,
      "6": 1.0,
      "7": 1.0,
      "8": 1.0,
      "9": 1.0,
      "10": 1.0,
      "11": 1.0,
      "12": 1.0,
      "13": 1.0,
      "14": 1.0,
      "15": 1.0,
      "16": 1.0,
      "17": 1.0,
      "18": 1.0,
      "19": 1.0,
      "20": 1.0
    },
    "precision_at_k": {
      "1": 0.99,
      "2": 0.95,
      "3": 0.9133333333333334,
      "4": 0.86125,
      "5": 0.8269999999999998,
      "6": 0.7958333333333334,
      "7": 0.7671428571428572,
      "8": 0.73875,
      "9": 0.7044444444444444,
      "10": 0.6755000000000001,
      "11": 0.8644848484848485,
      "12": 0.8564444444444445,
      "13": 0.8502564102564102,
      "14": 0.8434285714285714,
      "15": 0.8367999999999999,
      "16": 0.8303333333333334,
      "17": 0.824,
      "18": 0.8185185185185185,
      "19": 0.8129122807017545,
      "20": 0.8082666666666667
    },
    "mrr": 0.9925,
    "ndcg": 0.962177889791476
  },
  "random_crop": {
    "recall_at_k": {
      "1": 0.99,
      "2": 0.99,
      "3": 0.995,
      "4": 0.995,
      "5": 0.995,
      "6": 1.0,
      "7": 1.0,
      "8": 1.0,
      "9": 1.0,
      "10": 1.0,
      "11": 1.0,
      "12": 1.0,
      "13": 1.0,
      "14": 1.0,
      "15": 1.0,
      "16": 1.0,
      "17": 1.0,
      "18": 1.0,
      "19": 1.0,
      "20": 1.0
    },
    "precision_at_k": {
      "1": 0.99,
      "2": 0.95,
      "3": 0.9133333333333334,
      "4": 0.86125,
      "5": 0.8269999999999998,
      "6": 0.7958333333333334,
      "7": 0.7671428571428572,
      "8": 0.73875,
      "9": 0.7044444444444444,
      "10": 0.6755000000000001,
      "11": 0.8644848484848485,
      "12": 0.8564444444444445,
      "13": 0.8502564102564102,
      "14": 0.8434285714285714,
      "15": 0.8367999999999999,
      "16": 0.8303333333333334,
      "17": 0.824,
      "18": 0.8185185185185185,
      "19": 0.8129122807017545,
      "20": 0.8082666666666667
    },
    "mrr": 0.9925,
    "ndcg": 0.962177889791476
  },
  "noise": {
    "recall_at_k": {
      "1": 0.99,
      "2": 0.99,
      "3": 0.995,
      "4": 0.995,
      "5": 0.995,
      "6": 1.0,
      "7": 1.0,
      "8": 1.0,
      "9": 1.0,
      "10": 1.0,
      "11": 1.0,
      "12": 1.0,
      "13": 1.0,
      "14": 1.0,
      "15": 1.0,
      "16": 1.0,
      "17": 1.0,
      "18": 1.0,
      "19": 1.0,
      "20": 1.0
    },
    "precision_at_k": {
      "1": 0.99,
      "2": 0.95,
      "3": 0.9133333333333334,
      "4": 0.86125,
      "5": 0.8269999999999998,
      "6": 0.7958333333333334,
      "7": 0.7671428571428572,
      "8": 0.73875,
      "9": 0.7044444444444444,
      "10": 0.6755000000000001,
      "11": 0.8644848484848485,
      "12": 0.8564444444444445,