{
  "recall_at_k": {
    "1": 0.99,
    "2": 0.995,
    "3": 0.995,
    "4": 1.0,
    "5": 1.0,
    "6": 1.0,
    "7": 1.0,
    "8": 1.0,
    "9": 1.0,
    "10": 1.0,
    "11": 1.0,
    "12": 1.0,
    "13": 1.0,
    "14": 1.0,
    "15": 1.0,
    "16": 1.0,
    "17": 1.0,
    "18": 1.0,
    "19": 1.0,
    "20": 1.0
  },
  "precision_at_k": {
    "1": 0.99,
    "2": 0.96,
    "3": 0.915,
    "4": 0.86125,
    "5": 0.82,
    "6": 0.7866666666666666,
    "7": 0.7514285714285713,
    "8": 0.7275,
    "9": 0.6966666666666668,
    "10": 0.6685,
    "11": 0.6486363636363638,
    "12": 0.62875,
    "13": 0.61,
    "14": 0.5907142857142857,
    "15": 0.5716666666666667,
    "16": 0.554375,
    "17": 0.535,
    "18": 0.518888888888889,
    "19": 0.4989473684210526,
    "20": 0.48275000000000007
  },
  "mrr": 0.99375,
  "ndcg": 0.9376566334488554,
  "avg_query_time": 0.02064085841178894
}