{
  "1": {
    "recall_at_k": {
      "1": 0.936,
      "2": 0.96,
      "3": 0.9706666666666667,
      "4": 0.984,
      "5": 0.9866666666666667,
      "6": 0.9946666666666667,
      "7": 0.9946666666666667,
      "8": 0.9946666666666667,
      "9": 0.9973333333333333,
      "10": 0.9973333333333333,
      "11": 0.9973333333333333,
      "12": 0.9973333333333333,
      "13": 1.0,
      "14": 1.0,
      "15": 1.0,
      "16": 1.0,
      "17": 1.0,
      "18": 1.0,
      "19": 1.0,
      "20": 1.0
    },
    "precision_at_k": {
      "1": 0.936,
      "2": 0.8626666666666667,
      "3": 0.776,
      "4": 0.6606666666666666,
      "5": 0.5695999999999999,
      "6": 0.5048888888888889,
      "7": 0.45104761904761903,
      "8": 0.408,
      "9": 0.3724444444444445,
      "10": 0.3397333333333333,
      "11": 0.3124848484848485,
      "12": 0.2891111111111111,
      "13": 0.2697435897435897,
      "14": 0.2525714285714285,
      "15": 0.23839999999999997,
      "16": 0.22483333333333333,
      "17": 0.21301960784313728,
      "18": 0.20207407407407404,
      "19": 0.19157894736842104,
      "20": 0.18279999999999996
    },
    "mrr": 0.9572569800569801,
    "ndcg": 0.9094836834836411
  },
  "5": {
    "recall_at_k": {
      "1": 0.9866666666666667,
      "2": 0.9893333333333333,
      "3": 0.992,
      "4": 0.9973333333333333,
      "5": 0.9973333333333333,
      "6": 1.0,
      "7": 1.0,
      "8": 1.0,
      "9": 1.0,
      "10": 1.0,
      "11": 1.0,
      "12": 1.0,
      "13": 1.0,
      "14": 1.0,
      "15": 1.0,
      "16": 1.0,
      "17": 1.0,
      "18": 1.0,
      "19": 1.0,
      "20": 1.0
    },
    "precision_at_k": {
      "1": 0.9866666666666667,
      "2": 0.948,
      "3": 0.911111111111111,
      "4": 0.864,
      "5": 0.824,
      "6": 0.788888888888889,
      "7": 0.7580952380952379,
      "8": 0.73,
      "9": 0.6965925925925927,
      "10": 0.6672,
      "11": 0.6438787878787878,
      "12": 0.6208888888888888,
      "13": 0.601025641025641,
      "14": 0.5796190476190476,
      "15": 0.5616,
      "16": 0.5435,
      "17": 0.5261176470588236,
      "18": 0.5106666666666667,
      "19": 0.49277192982456136,
      "20": 0.4785333333333333
    },
    "mrr": 0.9906666666666667,
    "ndcg": 0.9347174520349733
  },
  "10": {
    "recall_at_k": {
      "1": 0.9893333333333333,
      "2": 0.992,
      "3": 0.992,
      "4": 0.9973333333333333,
      "5": 0.9973333333333333,
      "6": 1.0,
      "7": 1.0,
      "8": 1.0,
      "9": 1.0,
      "10": 1.0,
      "11": 1.0,
      "12": 1.0,
      "13": 1.0,
      "14": 1.0,
      "15": 1.0,
      "16": 1.0,
      "17": 1.0,
      "18": 1.0,
      "19": 1.0,
      "20": 1.0
    },
    "precision_at_k": {
      "1": 0.9893333333333333,
      "2": 0.9546666666666667,
      "3": 0.9244444444444445,
      "4": 0.892,
      "5": 0.8570666666666666,
      "6": 0.8306666666666667,
      "7": 0.8038095238095238,
      "8": 0.7796666666666666,
      "9": 0.7534814814814814,
      "10": 0.7256,
      "11": 0.7056969696969697,
      "12": 0.6857777777777778,
      "13": 0.6687179487179488,
      "14": 0.6510476190476191,
      "15": 0.6341333333333332,
      "16": 0.6178333333333333,
      "17": 0.6014117647058823,
      "18": 0.5884444444444445,
      "19": 0.5744561403508771,
      "20": 0.5616000000000001
    },
    "mrr": 0.9924444444444444,
    "ndcg": 0.9421093744981572
  },
  "30": {
    "recall_at_k": {
      "1": 0.992,
      "2": 0.9973333333333333,
      "3": 0.9973333333333333,
      "4": 1.0,
      "5": 1.0,
      "6": 1.0,
      "7": 1.0,
      "8": 1.0,
      "9": 1.0,
      "10": 1.0,
      "11": 1.0,
      "12": 1.0,
      "13": 1.0,
      "14": 1.0,
      "15": 1.0,
      "16": 1.0,
      "17": 1.0,
      "18": 1.0,
      "19": 1.0,
      "20": 1.0
    },
    "precision_at_k": {
      "1": 0.992,
      "2": 0.9746666666666667,
      "3": 0.9573333333333334,
      "4": 0.9346666666666666,
      "5": 0.9125333333333332,
      "6": 0.8977777777777777,
      "7": 0.8780952380952379,
      "8": 0.8653333333333333,
      "9": 0.8515555555555556,
      "10": 0.8343999999999999,
      "11": 0.8227878787878788,
      "12": 0.8131111111111111,
      "13": 0.8041025641025641,
      "14": 0.7942857142857144,
      "15": 0.7859555555555556,
      "16": 0.775,
      "17": 0.7654901960784313,
      "18": 0.7573333333333333,
      "19": 0.7487719298245614,
      "20": 0.7405333333333333
    },
    "mrr": 0.9953333333333333,
    "ndcg": 0.962822129150496
  },
  "60": {
    "recall_at_k": {
      "1": 0.992,
      "2": 0.9973333333333333,
      "3": 0.9973333333333333,
      "4": 1.0,
      "5": 1.0,
      "6": 1.0,
      "7": 1.0,
      "8": 1.0,
      "9": 1.0,
      "10": 1.0,
      "11": 1.0,
      "12": 1.0,
      "13": 1.0,
      "14": 1.0,
      "15": 1.0,
      "16": 1.0,
      "17": 1.0,
      "18": 1.0,
      "19": 1.0,
      "20": 1.0
    },
    "precision_at_k": {
      "1": 0.992,
      "2": 0.9773333333333334,
      "3": 0.9662222222222222,
      "4": 0.9493333333333334,
      "5": 0.9338666666666666,
      "6": 0.924,
      "7": 0.9097142857142856,
      "8": 0.8996666666666666,
      "9": 0.8868148148148148,
      "10": 0.8730666666666667,
      "11": 0.8644848484848485,
      "12": 0.8564444444444445,
      "13": 0.8502564102564102,
      "14": 0.8434285714285714,
      "15": 0.8367999999999999,
      "16": 0.8303333333333334,
      "17": 0.824,
      "18": 0.8185185185185185,
      "19": 0.8129122807017545,
      "20": 0.8082666666666667
    },
    "mrr": 0.9953333333333333,
    "ndcg": 0.9700724524108045
  }
}