{
  "original": {
    "recall_at_k": {
      "1": 0.99,
      "2": 0.995,
      "3": 1.0,
      "4": 1.0,
      "5": 1.0,
      "6": 1.0,
      "7": 1.0,
      "8": 1.0,
      "9": 1.0,
      "10": 1.0,
      "11": 1.0,
      "12": 1.0,
      "13": 1.0,
      "14": 1.0,
      "15": 1.0,
      "16": 1.0,
      "17": 1.0,
      "18": 1.0,
      "19": 1.0,
      "20": 1.0
    },
    "precision_at_k": {
      "1": 0.99,
      "2": 0.9575,
      "3": 0.9283333333333332,
      "4": 0.895,
      "5": 0.8510000000000001,
      "6": 0.7933333333333334,
      "7": 0.7542857142857141,
      "8": 0.715625,
      "9": 0.68,
      "10": 0.642,
      "11": 0.8118850846123573,
      "12": 0.7979797979797979,
      "13": 0.7878787878787878,
      "14": 0.7736549165120594,
      "15": 0.7587301587301587,
      "16": 0.7486471861471862,
      "17": 0.7361853832442068,
      "18": 0.7287157287157287,
      "19": 0.7236272499430393,
      "20": 0.7153679653679653
    },
    "mrr": 0.9941666666666668,
    "ndcg": 0.9632756863075008
  },
  "brightness_low": {
    "recall_at_k": {
      "1": 0.99,
      "2": 0.995,
      "3": 1.0,
      "4": 1.0,
      "5": 1.0,
      "6": 1.0,
      "7": 1.0,
      "8": 1.0,
      "9": 1.0,
      "10": 1.0,
      "11": 1.0,
      "12": 1.0,
      "13": 1.0,
      "14": 1.0,
      "15": 1.0,
      "16": 1.0,
      "17": 1.0,
      "18": 1.0,
      "19": 1.0,
      "20": 1.0
    },
    "precision_at_k": {
      "1": 0.99,
      "2": 0.9575,
      "3": 0.9283333333333332,
      "4": 0.895,
      "5": 0.8510000000000001,
      "6": 0.7933333333333334,
      "7": 0.7542857142857141,
      "8": 0.715625,
      "9": 0.68,
      "10": 0.642,
      "11": 0.8118850846123573,
      "12": 0.7979797979797979,
      "13": 0.7878787878787878,
      "14": 0.7736549165120594,
      "15": 0.7587301587301587,
      "16": 0.7486471861471862,
      "17": 0.7361853832442068,
      "18": 0.7287157287157287,
      "19": 0.7236272499430393,
      "20": 0.7153679653679653
    },
    "mrr": 0.9941666666666668,
    "ndcg": 0.9632756863075008
  },
  "brightness_high": {
    "recall_at_k": {
      "1": 0.99,
      "2": 0.995,
      "3": 1.0,
      "4": 1.0,
      "5": 1.0,
      "6": 1.0,
      "7": 1.0,
      "8": 1.0,
      "9": 1.0,
      "10": 1.0,
      "11": 1.0,
      "12": 1.0,
      "13": 1.0,
      "14": 1.0,
      "15": 1.0,
      "16": 1.0,
      "17": 1.0,
      "18": 1.0,
      "19": 1.0,
      "20": 1.0
    },
    "precision_at_k": {
      "1": 0.99,
      "2": 0.9575,
      "3": 0.9283333333333332,
      "4": 0.895,
      "5": 0.8510000000000001,
      "6": 0.7933333333333334,
      "7": 0.7542857142857141,
      "8": 0.715625,
      "9": 0.68,
      "10": 0.642,
      "11": 0.8118850846123573,
      "12": 0.7979797979797979,
      "13": 0.7878787878787878,
      "14": 0.7736549165120594,
      "15": 0.7587301587301587,
      "16": 0.7486471861471862,
      "17": 0.7361853832442068,
      "18": 0.7287157287157287,
      "19": 0.7236272499430393,
      "20": 0.7153679653679653
    },
    "mrr": 0.9941666666666668,
    "ndcg": 0.9632756863075008
  },
  "contrast_low": {
    "recall_at_k": {
      "1": 0.99,
      "2": 0.995,
      "3": 1.0,
      "4": 1.0,
      "5": 1.0,
      "6": 1.0,
      "7": 1.0,
      "8": 1.0,
      "9": 1.0,
      "10": 1.0,
      "11": 1.0,
      "12": 1.0,
      "13": 1.0,
      "14": 1.0,
      "15": 1.0,
      "16": 1.0,
      "17": 1.0,
      "18": 1.0,
      "19": 1.0,
      "20": 1.0
    },
    "precision_at_k": {
      "1": 0.99,
      "2": 0.9575,
      "3": 0.9283333333333332,
      "4": 0.895,
      "5": 0.8510000000000001,
      "6": 0.7933333333333334,
      "7": 0.7542857142857141,
      "8": 0.715625,
      "9": 0.68,
      "10": 0.642,
      "11": 0.8118850846123573,
      "12": 0.7979797979797979,
      "13": 0.7878787878787878,
      "14": 0.7736549165120594,
      "15": 0.7587301587301587,
      "16": 0.7486471861471862,
      "17": 0.7361853832442068,
      "18": 0.7287157287157287,
      "19": 0.7236272499430393,
      "20": 0.7153679653679653
    },
    "mrr": 0.9941666666666668,
    "ndcg": 0.9632756863075008
  },
  "contrast_high": {
    "recall_at_k": {
      "1": 0.99,
      "2": 0.995,
      "3": 1.0,
      "4": 1.0,
      "5": 1.0,
      "6": 1.0,
      "7": 1.0,
      "8": 1.0,
      "9": 1.0,
      "10": 1.0,
      "11": 1.0,
      "12": 1.0,
      "13": 1.0,
      "14": 1.0,
      "15": 1.0,
      "16": 1.0,
      "17": 1.0,
      "18": 1.0,
      "19": 1.0,
      "20": 1.0
    },
    "precision_at_k": {
      "1": 0.99,
      "2": 0.9575,
      "3": 0.9283333333333332,
      "4": 0.895,
      "5": 0.8510000000000001,
      "6": 0.7933333333333334,
      "7": 0.7542857142857141,
      "8": 0.715625,
      "9": 0.68,
      "10": 0.642,
      "11": 0.8118850846123573,
      "12": 0.7979797979797979,
      "13": 0.7878787878787878,
      "14": 0.7736549165120594,
      "15": 0.7587301587301587,
      "16": 0.7486471861471862,
      "17": 0.7361853832442068,
      "18": 0.7287157287157287,
      "19": 0.7236272499430393,
      "20": 0.7153679653679653
    },
    "mrr": 0.9941666666666668,
    "ndcg": 0.9632756863075008
  },
  "gaussian_blur": {
    "recall_at_k": {
      "1": 0.99,
      "2": 0.995,
      "3": 1.0,
      "4": 1.0,
      "5": 1.0,
      "6": 1.0,
      "7": 1.0,
      "8": 1.0,
      "9": 1.0,
      "10": 1.0,
      "11": 1.0,
      "12": 1.0,
      "13": 1.0,
      "14": 1.0,
      "15": 1.0,
      "16": 1.0,
      "17": 1.0,
      "18": 1.0,
      "19": 1.0,
      "20": 1.0
    },
    "precision_at_k": {
      "1": 0.99,
      "2": 0.9575,
      "3": 0.9283333333333332,
      "4": 0.895,
      "5": 0.8510000000000001,
      "6": 0.7933333333333334,
      "7": 0.7542857142857141,
      "8": 0.715625,
      "9": 0.68,
      "10": 0.642,
      "11": 0.8118850846123573,
      "12": 0.7979797979797979,
      "13": 0.7878787878787878,
      "14": 0.7736549165120594,
      "15": 0.7587301587301587,
      "16": 0.7486471861471862,
      "17": 0.7361853832442068,
      "18": 0.7287157287157287,
      "19": 0.7236272499430393,
      "20": 0.7153679653679653
    },
    "mrr": 0.9941666666666668,
    "ndcg": 0.9632756863075008
  },
  "random_crop": {
    "recall_at_k": {
      "1": 0.99,
      "2": 0.995,
      "3": 1.0,
      "4": 1.0,
      "5": 1.0,
      "6": 1.0,
      "7": 1.0,
      "8": 1.0,
      "9": 1.0,
      "10": 1.0,
      "11": 1.0,
      "12": 1.0,
      "13": 1.0,
      "14": 1.0,
      "15": 1.0,
      "16": 1.0,
      "17": 1.0,
      "18": 1.0,
      "19": 1.0,
      "20": 1.0
    },
    "precision_at_k": {
      "1": 0.99,
      "2": 0.9575,
      "3": 0.9283333333333332,
      "4": 0.895,
      "5": 0.8510000000000001,
      "6": 0.7933333333333334,
      "7": 0.7542857142857141,
      "8": 0.715625,
      "9": 0.68,
      "10": 0.642,
      "11": 0.8118850846123573,
      "12": 0.7979797979797979,
      "13": 0.7878787878787878,
      "14": 0.7736549165120594,
      "15": 0.7587301587301587,
      "16": 0.7486471861471862,
      "17": 0.7361853832442068,
      "18": 0.7287157287157287,
      "19": 0.7236272499430393,
      "20": 0.7153679653679653
    },
    "mrr": 0.9941666666666668,
    "ndcg": 0.9632756863075008
  },
  "noise": {
    "recall_at_k": {
      "1": 0.99,
      "2": 0.995,
      "3": 1.0,
      "4": 1.0,
      "5": 1.0,
      "6": 1.0,
      "7": 1.0,
      "8": 1.0,
      "9": 1.0,
      "10": 1.0,
      "11": 1.0,
      "12": 1.0,
      "13": 1.0,
      "14": 1.0,
      "15": 1.0,
      "16": 1.0,
      "17": 1.0,
      "18": 1.0,
      "19": 1.0,
      "20": 1.0
    },
    "precision_at_k": {
      "1": 0.99,
      "2": 0.9575,
      "3": 0.9283333333333332,
      "4": 0.895,
      "5": 0.8510000000000001,
      "6": 0.7933333333333334,
      "7": 0.7542857142857141,
      "8": 0.715625,
      "9": 0.68,
      "10": 0.642,
      "11": 0.8118850846123573,
      "12": 0.7979797979797979,
      "13": 0.7878787878787878,
      "14": 0.7736549165120594,