{
  "recall_at_k": {
    "1": 0.99,
    "2": 0.995,
    "3": 1.0,
    "4": 1.0,
    "5": 1.0,
    "6": 1.0,
    "7": 1.0,
    "8": 1.0,
    "9": 1.0,
    "10": 1.0,
    "11": 1.0,
    "12": 1.0,
    "13": 1.0,
    "14": 1.0,
    "15": 1.0,
    "16": 1.0,
    "17": 1.0,
    "18": 1.0,
    "19": 1.0,
    "20": 1.0
  },
  "precision_at_k": {
    "1": 0.99,
    "2": 0.9675,
    "3": 0.94,
    "4": 0.9025,
    "5": 0.8590000000000001,
    "6": 0.7991666666666666,
    "7": 0.7621428571428571,
    "8": 0.7225,
    "9": 0.6855555555555555,
    "10": 0.6459999999999999,
    "11": 0.6054545454545455,
    "12": 0.5766666666666667,
    "13": 0.5484615384615384,
    "14": 0.5217857142857143,
    "15": 0.4966666666666667,
    "16": 0.475625,
    "17": 0.45411764705882357,
    "18": 0.43777777777777777,
    "19": 0.41973684210526313,
    "20": 0.4040000000000001
  },
  "mrr": 0.9941666666666668,
  "ndcg": 0.9434922364101922,
  "avg_query_time": 0.05903204321861267
}