{
  "1": {
    "recall_at_k": {
      "1": 0.7922077922077922,
      "2": 0.922077922077922,
      "3": 0.9653679653679653,
      "4": 0.9783549783549783,
      "5": 0.987012987012987,
      "6": 0.987012987012987,
      "7": 0.9913419913419913,
      "8": 1.0,
      "9": 1.0,
      "10": 1.0,
      "11": 1.0,
      "12": 1.0,
      "13": 1.0,
      "14": 1.0,
      "15": 1.0,
      "16": 1.0,
      "17": 1.0,
      "18": 1.0,
      "19": 1.0,
      "20": 1.0
    },
    "precision_at_k": {
      "1": 0.7922077922077922,
      "2": 0.683982683982684,
      "3": 0.5425685425685426,
      "4": 0.44805194805194803,
      "5": 0.3740259740259741,
      "6": 0.31313131313131315,
      "7": 0.2714904143475571,
      "8": 0.2418831168831169,
      "9": 0.215969215969216,
      "10": 0.19480519480519481,
      "11": 0.17906336088154273,
      "12": 0.1645021645021645,
      "13": 0.15318015318015313,
      "14": 0.14223871366728502,
      "15": 0.1327561327561327,
      "16": 0.12445887445887446,
      "17": 0.11713776419658771,
      "18": 0.11063011063011063,
      "19": 0.10480747322852582,
      "20": 0.09956709956709957
    },
    "mrr": 0.8782519068233353,
    "ndcg": 0.8750084216835434
  },
  "5": {
    "recall_at_k": {
      "1": 0.9913419913419913,
      "2": 0.9956709956709957,
      "3": 1.0,
      "4": 1.0,
      "5": 1.0,
      "6": 1.0,
      "7": 1.0,
      "8": 1.0,
      "9": 1.0,
      "10": 1.0,
      "11": 1.0,
      "12": 1.0,
      "13": 1.0,
      "14": 1.0,
      "15": 1.0,
      "16": 1.0,
      "17": 1.0,
      "18": 1.0,
      "19": 1.0,
      "20": 1.0
    },
    "precision_at_k": {
      "1": 0.9913419913419913,
      "2": 0.9588744588744589,
      "3": 0.9307359307359307,
      "4": 0.895021645021645,
      "5": 0.8519480519480519,
      "6": 0.7965367965367965,
      "7": 0.7588126159554731,
      "8": 0.7202380952380952,
      "9": 0.6835016835016836,
      "10": 0.6432900432900434,
      "11": 0.6029122392758758,
      "12": 0.5753968253968255,
      "13": 0.5484515484515484,
      "14": 0.5219542362399506,
      "15": 0.4966810966810966,
      "16": 0.476461038961039,
      "17": 0.45454545454545453,
      "18": 0.43795093795093804,
      "19": 0.4201412622465254,
      "20": 0.4038961038961039
    },
    "mrr": 0.9949494949494949,
    "ndcg": 0.9414560658838944
  },
  "10": {
    "recall_at_k": {
      "1": 0.9956709956709957,
      "2": 1.0,
      "3": 1.0,
      "4": 1.0,
      "5": 1.0,
      "6": 1.0,
      "7": 1.0,
      "8": 1.0,
      "9": 1.0,
      "10": 1.0,
      "11": 1.0,
      "12": 1.0,
      "13": 1.0,
      "14": 1.0,
      "15": 1.0,
      "16": 1.0,
      "17": 1.0,
      "18": 1.0,
      "19": 1.0,
      "20": 1.0
    },
    "precision_at_k": {
      "1": 0.9956709956709957,
      "2": 0.9696969696969697,
      "3": 0.9451659451659451,
      "4": 0.9155844155844156,
      "5": 0.8796536796536796,
      "6": 0.839105339105339,
      "7": 0.810760667903525,
      "8": 0.7813852813852814,
      "9": 0.755170755170755,
      "10": 0.7251082251082251,
      "11": 0.698543880362062,
      "12": 0.6789321789321789,
      "13": 0.6573426573426574,
      "14": 0.6348175633889919,
      "15": 0.6124098124098123,
      "16": 0.5936147186147186,
      "17": 0.573720397249809,
      "18": 0.5598845598845598,
      "19": 0.5465937571200729,
      "20": 0.5333333333333334
    },
    "mrr": 0.9978354978354979,
    "ndcg": 0.9456431549856227
  },
  "30": {
    "recall_at_k": {
      "1": 0.9956709956709957,
      "2": 1.0,
      "3": 1.0,
      "4": 1.0,
      "5": 1.0,
      "6": 1.0,
      "7": 1.0,
      "8": 1.0,
      "9": 1.0,
      "10": 1.0,
      "11": 1.0,
      "12": 1.0,
      "13": 1.0,
      "14": 1.0,
      "15": 1.0,
      "16": 1.0,
      "17": 1.0,
      "18": 1.0,
      "19": 1.0,
      "20": 1.0
    },
    "precision_at_k": {
      "1": 0.9956709956709957,
      "2": 0.9696969696969697,
      "3": 0.948051948051948,
      "4": 0.9242424242424242,
      "5": 0.8926406926406926,
      "6": 0.8571428571428571,
      "7": 0.8324056895485467,
      "8": 0.8051948051948052,
      "9": 0.7845117845117845,
      "10": 0.7636363636363638,
      "11": 0.7418339236521055,
      "12": 0.7254689754689754,
      "13": 0.7102897102897101,
      "14": 0.6932591218305505,
      "15": 0.6747474747474747,
      "16": 0.658008658008658,
      "17": 0.6409472880061116,
      "18": 0.6296296296296295,
      "19": 0.619958988380041,
      "20": 0.60995670995671
    },
    "mrr": 0.9978354978354979,
    "ndcg": 0.948991799109607
  },
  "60": {
    "recall_at_k": {
      "1": 0.9956709956709957,
      "2": 1.0,
      "3": 1.0,
      "4": 1.0,
      "5": 1.0,
      "6": 1.0,
      "7": 1.0,
      "8": 1.0,
      "9": 1.0,
      "10": 1.0,
      "11": 1.0,
      "12": 1.0,
      "13": 1.0,
      "14": 1.0,
      "15": 1.0,
      "16": 1.0,
      "17": 1.0,
      "18": 1.0,
      "19": 1.0,
      "20": 1.0
    },
    "precision_at_k": {
      "1": 0.9956709956709957,
      "2": 0.974025974025974,
      "3": 0.9552669552669553,
      "4": 0.9361471861471862,
      "5": 0.9142857142857143,
      "6": 0.8896103896103896,
      "7": 0.8744588744588745,
      "8": 0.8560606060606061,
      "9": 0.8412698412698414,
      "10": 0.8272727272727274,
      "11": 0.8118850846123573,
      "12": 0.7979797979797979,
      "13": 0.7878787878787878,
      "14": 0.7736549165120594,
      "15": 0.7587301587301587,
      "16": 0.7486471861471862,
      "17": 0.7361853832442068,
      "18": 0.7287157287157287,
      "19": 0.7236272499430393,
      "20": 0.7153679653679653
    },
    "mrr": 0.9978354978354979,
    "ndcg": 0.9593667481614216
  }
}