{
  "ARKitScenes": {
    "recall_at_k": {
      "1": 0.99,
      "2": 0.995,
      "3": 0.995,
      "4": 1.0,
      "5": 1.0,
      "6": 1.0,
      "7": 1.0,
      "8": 1.0,
      "9": 1.0,
      "10": 1.0,
      "11": 1.0,
      "12": 1.0,
      "13": 1.0,
      "14": 1.0,
      "15": 1.0,
      "16": 1.0,
      "17": 1.0,
      "18": 1.0,
      "19": 1.0,
      "20": 1.0
    },
    "precision_at_k": {
      "1": 0.99,
      "2": 0.96,
      "3": 0.915,
      "4": 0.86125,
      "5": 0.82,
      "6": 0.7866666666666666,
      "7": 0.7514285714285713,
      "8": 0.7275,
      "9": 0.6966666666666668,
      "10": 0.6685,
      "11": 0.6486363636363638,
      "12": 0.62875,
      "13": 0.61,
      "14": 0.5907142857142857,
      "15": 0.5716666666666667,
      "16": 0.554375,
      "17": 0.535,
      "18": 0.518888888888889,
      "19": 0.4989473684210526,
      "20": 0.48275000000000007
    },
    "mrr": 0.99375,
    "ndcg": 0.9376566334488554,
    "avg_query_time": 0.02064085841178894
  },
  "7Scenes": {
    "recall_at_k": {
      "1": 0.97,
      "2": 0.995,
      "3": 1.0,
      "4": 1.0,
      "5": 1.0,
      "6": 1.0,
      "7": 1.0,
      "8": 1.0,
      "9": 1.0,
      "10": 1.0,
      "11": 1.0,
      "12": 1.0,
      "13": 1.0,
      "14": 1.0,
      "15": 1.0,
      "16": 1.0,
      "17": 1.0,
      "18": 1.0,
      "19": 1.0,
      "20": 1.0
    },
    "precision_at_k": {
      "1": 0.97,
      "2": 0.955,
      "3": 0.9333333333333332,
      "4": 0.9,
      "5": 0.87,
      "6": 0.835,
      "7": 0.8014285714285714,
      "8": 0.754375,
      "9": 0.7188888888888889,
      "10": 0.6930000000000001,
      "11": 0.6586363636363637,
      "12": 0.6283333333333333,
      "13": 0.596923076923077,
      "14": 0.5692857142857143,
      "15": 0.545,
      "16": 0.52375,
      "17": 0.49941176470588233,
      "18": 0.4797222222222222,
      "19": 0.46263157894736845,
      "20": 0.44400000000000006
    },
    "mrr": 0.9841666666666667,
    "ndcg": 0.9428321871527178,
    "avg_query_time": 0.032195065021514896
  },
  "TUM": {
    "recall_at_k": {
      "1": 1.0,
      "2": 1.0,
      "3": 1.0,
      "4": 1.0,
      "5": 1.0,
      "6": 1.0,
      "7": 1.0,
      "8": 1.0,
      "9": 1.0,
      "10": 1.0,
      "11": 1.0,
      "12": 1.0,
      "13": 1.0,
      "14": 1.0,
      "15": 1.0,
      "16": 1.0,
      "17": 1.0,
      "18": 1.0,
      "19": 1.0,
      "20": 1.0
    },
    "precision_at_k": {
      "1": 1.0,
      "2": 0.9975,
      "3": 0.995,
      "4": 0.99125,
      "5": 0.991,
      "6": 0.9875,
      "7": 0.985,
      "8": 0.980625,
      "9": 0.9783333333333334,
      "10": 0.9735,
      "11": 0.9695454545454547,
      "12": 0.9641666666666667,
      "13": 0.9588461538461539,
      "14": 0.9528571428571427,
      "15": 0.949,
      "16": 0.941875,
      "17": 0.9382352941176471,
      "18": 0.9336111111111112,
      "19": 0.9273684210526315,
      "20": 0.92175
    },
    "mrr": 1.0,
    "ndcg": 0.9942836515316319,
    "avg_query_time": 0.028661495447158812
  },
  "Cambridge": {
    "recall_at_k": {
      "1": 0.99,
      "2": 0.995,
      "3": 1.0,
      "4": 1.0,
      "5": 1.0,
      "6": 1.0,
      "7": 1.0,
      "8": 1.0,
      "9": 1.0,
      "10": 1.0,
      "11": 1.0,
      "12": 1.0,
      "13": 1.0,
      "14": 1.0,
      "15": 1.0,
      "16": 1.0,
      "17": 1.0,
      "18": 1.0,
      "19": 1.0,
      "20": 1.0
    },
    "precision_at_k": {
      "1": 0.99,
      "2": 0.9675,
      "3": 0.94,
      "4": 0.9025,
      "5": 0.8590000000000001,
      "6": 0.7991666666666666,
      "7": 0.7621428571428571,
      "8": 0.7225,
      "9": 0.6855555555555555,
      "10": 0.6459999999999999,
      "11": 0.6054545454545455,
      "12": 0.5766666666666667,
      "13": 0.5484615384615384,
      "14": 0.5217857142857143,
      "15": 0.4966666666666667,
      "16": 0.475625,
      "17": 0.45411764705882357,
      "18": 0.43777777777777777,
      "19": 0.41973684210526313,
      "20": 0.4040000000000001
    },
    "mrr": 0.9941666666666668,
    "ndcg": 0.9434922364101922,
    "avg_query_time": 0.05903204321861267
  }
}