{
  "original": {
    "recall_at_k": {
      "1": 0.995,
      "2": 1.0,
      "3": 1.0,
      "4": 1.0,
      "5": 1.0,
      "6": 1.0,
      "7": 1.0,
      "8": 1.0,
      "9": 1.0,
      "10": 1.0,
      "11": 1.0,
      "12": 1.0,
      "13": 1.0,
      "14": 1.0,
      "15": 1.0,
      "16": 1.0,
      "17": 1.0,
      "18": 1.0,
      "19": 1.0,
      "20": 1.0
    },
    "precision_at_k": {
      "1": 0.995,
      "2": 0.9925,
      "3": 0.99,
      "4": 0.9875,
      "5": 0.9860000000000001,
      "6": 0.9833333333333333,
      "7": 0.98,
      "8": 0.976875,
      "9": 0.9744444444444444,
      "10": 0.9704999999999999,
      "11": 1.0,
      "12": 1.0,
      "13": 1.0,
      "14": 1.0,
      "15": 1.0,
      "16": 1.0,
      "17": 1.0,
      "18": 1.0,
      "19": 1.0,
      "20": 1.0
    },
    "mrr": 0.9975,
    "ndcg": 0.9953498754864207
  },
  "brightness_low": {
    "recall_at_k": {
      "1": 0.995,
      "2": 1.0,
      "3": 1.0,
      "4": 1.0,
      "5": 1.0,
      "6": 1.0,
      "7": 1.0,
      "8": 1.0,
      "9": 1.0,
      "10": 1.0,
      "11": 1.0,
      "12": 1.0,
      "13": 1.0,
      "14": 1.0,
      "15": 1.0,
      "16": 1.0,
      "17": 1.0,
      "18": 1.0,
      "19": 1.0,
      "20": 1.0
    },
    "precision_at_k": {
      "1": 0.995,
      "2": 0.9925,
      "3": 0.99,
      "4": 0.9875,
      "5": 0.9860000000000001,
      "6": 0.9833333333333333,
      "7": 0.98,
      "8": 0.976875,
      "9": 0.9744444444444444,
      "10": 0.9704999999999999,
      "11": 1.0,
      "12": 1.0,
      "13": 1.0,
      "14": 1.0,
      "15": 1.0,
      "16": 1.0,
      "17": 1.0,
      "18": 1.0,
      "19": 1.0,
      "20": 1.0
    },
    "mrr": 0.9975,
    "ndcg": 0.9953498754864207
  },
  "brightness_high": {
    "recall_at_k": {
      "1": 0.995,
      "2": 1.0,
      "3": 1.0,
      "4": 1.0,
      "5": 1.0,
      "6": 1.0,
      "7": 1.0,
      "8": 1.0,
      "9": 1.0,
      "10": 1.0,
      "11": 1.0,
      "12": 1.0,
      "13": 1.0,
      "14": 1.0,
      "15": 1.0,
      "16": 1.0,
      "17": 1.0,
      "18": 1.0,
      "19": 1.0,
      "20": 1.0
    },
    "precision_at_k": {
      "1": 0.995,
      "2": 0.9925,
      "3": 0.99,
      "4": 0.9875,
      "5": 0.9860000000000001,
      "6": 0.9833333333333333,
      "7": 0.98,
      "8": 0.976875,
      "9": 0.9744444444444444,
      "10": 0.9704999999999999,
      "11": 1.0,
      "12": 1.0,
      "13": 1.0,
      "14": 1.0,
      "15": 1.0,
      "16": 1.0,
      "17": 1.0,
      "18": 1.0,
      "19": 1.0,
      "20": 1.0
    },
    "mrr": 0.9975,
    "ndcg": 0.9953498754864207
  },
  "contrast_low": {
    "recall_at_k": {
      "1": 0.995,
      "2": 1.0,
      "3": 1.0,
      "4": 1.0,
      "5": 1.0,
      "6": 1.0,
      "7": 1.0,
      "8": 1.0,
      "9": 1.0,
      "10": 1.0,
      "11": 1.0,
      "12": 1.0,
      "13": 1.0,
      "14": 1.0,
      "15": 1.0,
      "16": 1.0,
      "17": 1.0,
      "18": 1.0,
      "19": 1.0,
      "20": 1.0
    },
    "precision_at_k": {
      "1": 0.995,
      "2": 0.9925,
      "3": 0.99,
      "4": 0.9875,
      "5": 0.9860000000000001,
      "6": 0.9833333333333333,
      "7": 0.98,
      "8": 0.976875,
      "9": 0.9744444444444444,
      "10": 0.9704999999999999,
      "11": 1.0,
      "12": 1.0,
      "13": 1.0,
      "14": 1.0,
      "15": 1.0,
      "16": 1.0,
      "17": 1.0,
      "18": 1.0,
      "19": 1.0,
      "20": 1.0
    },
    "mrr": 0.9975,
    "ndcg": 0.9953498754864207
  },
  "contrast_high": {
    "recall_at_k": {
      "1": 0.995,
      "2": 1.0,
      "3": 1.0,
      "4": 1.0,
      "5": 1.0,
      "6": 1.0,
      "7": 1.0,
      "8": 1.0,
      "9": 1.0,
      "10": 1.0,
      "11": 1.0,
      "12": 1.0,
      "13": 1.0,
      "14": 1.0,
      "15": 1.0,
      "16": 1.0,
      "17": 1.0,
      "18": 1.0,
      "19": 1.0,
      "20": 1.0
    },
    "precision_at_k": {
      "1": 0.995,
      "2": 0.9925,
      "3": 0.99,
      "4": 0.9875,
      "5": 0.9860000000000001,
      "6": 0.9833333333333333,
      "7": 0.98,
      "8": 0.976875,
      "9": 0.9744444444444444,
      "10": 0.9704999999999999,
      "11": 1.0,
      "12": 1.0,
      "13": 1.0,
      "14": 1.0,
      "15": 1.0,
      "16": 1.0,
      "17": 1.0,
      "18": 1.0,
      "19": 1.0,
      "20": 1.0
    },
    "mrr": 0.9975,
    "ndcg": 0.9953498754864207
  },
  "gaussian_blur": {
    "recall_at_k": {
      "1": 0.995,
      "2": 1.0,
      "3": 1.0,
      "4": 1.0,
      "5": 1.0,
      "6": 1.0,
      "7": 1.0,
      "8": 1.0,
      "9": 1.0,
      "10": 1.0,
      "11": 1.0,
      "12": 1.0,
      "13": 1.0,
      "14": 1.0,
      "15": 1.0,
      "16": 1.0,
      "17": 1.0,
      "18": 1.0,
      "19": 1.0,
      "20": 1.0
    },
    "precision_at_k": {
      "1": 0.995,
      "2": 0.9925,
      "3": 0.99,
      "4": 0.9875,
      "5": 0.9860000000000001,
      "6": 0.9833333333333333,
      "7": 0.98,
      "8": 0.976875,
      "9": 0.9744444444444444,
      "10": 0.9704999999999999,
      "11": 1.0,
      "12": 1.0,
      "13": 1.0,
      "14": 1.0,
      "15": 1.0,
      "16": 1.0,
      "17": 1.0,
      "18": 1.0,
      "19": 1.0,
      "20": 1.0
    },
    "mrr": 0.9975,
    "ndcg": 0.9953498754864207
  },
  "random_crop": {
    "recall_at_k": {
      "1": 0.995,
      "2": 1.0,
      "3": 1.0,
      "4": 1.0,
      "5": 1.0,
      "6": 1.0,
      "7": 1.0,
      "8": 1.0,
      "9": 1.0,
      "10": 1.0,
      "11": 1.0,
      "12": 1.0,
      "13": 1.0,
      "14": 1.0,
      "15": 1.0,
      "16": 1.0,
      "17": 1.0,
      "18": 1.0,
      "19": 1.0,
      "20": 1.0
    },
    "precision_at_k": {
      "1": 0.995,
      "2": 0.9925,
      "3": 0.99,
      "4": 0.9875,
      "5": 0.9860000000000001,
      "6": 0.9833333333333333,
      "7": 0.98,
      "8": 0.976875,
      "9": 0.9744444444444444,
      "10": 0.9704999999999999,
      "11": 1.0,
      "12": 1.0,
      "13": 1.0,
      "14": 1.0,
      "15": 1.0,
      "16": 1.0,
      "17": 1.0,
      "18": 1.0,
      "19": 1.0,
      "20": 1.0
    },
    "mrr": 0.9975,
    "ndcg": 0.9953498754864207
  },
  "noise": {
    "recall_at_k": {
      "1": 0.995,
      "2": 1.0,
      "3": 1.0,
      "4": 1.0,
      "5": 1.0,
      "6": 1.0,
      "7": 1.0,
      "8": 1.0,
      "9": 1.0,
      "10": 1.0,
      "11": 1.0,
      "12": 1.0,
      "13": 1.0,
      "14": 1.0,
      "15": 1.0,
      "16": 1.0,
      "17": 1.0,
      "18": 1.0,
      "19": 1.0,
      "20": 1.0
    },
    "precision_at_k": {
      "1": 0.995,
      "2": 0.9925,
      "3": 0.99,
      "4": 0.9875,
      "5": 0.9860000000000001,
      "6": 0.9833333333333333,
      "7": 0.98,
      "8": 0.976875,
      "9": 0.9744444444444444,
      "10": 0.9704999999999999,
      "11": 1.0,
      "12": 1.0,
      "13": 1.0,
      "14": 1.0,
      "15": 1.0,
      "16": 1.0,
      "17": 1.0,
      "18": 1.0,
      "19": 1.0,
      "20": 1.0
    },
    "mrr": 0.9975,
    "ndcg": 0.9953498754864207
  },
  "rotate_small": {
    "recall_at_k": {
      "1": 0.995,
      "2": 1.0,
      "3": 1.0,
      "4": 1.0,
      "5": 1.0,
      "6": 1.0,
      "7": 1.0,
      "8": 1.0,
      "9": 1.0,
      "10": 1.0,
      "11": 1.0,
      "12": 1.0,
      "13": 1.0,
      "14": 1.0,
      "15": 1.0,
      "16": 1.0,
      "17": 1.0,
      "18": 1.0,
      "19": 1.0,
      "20": 1.0
    },
    "precision_at_k": {
      "1": 0.995,
      "2": 0.9925,
      "3": 0.99,
      "4": 0.9875,
      "5": 0.9860000000000001,
      "6": 0.9833333333333333,
      "7": 0.98,
      "8": 0.976875,
      "9": 0.9744444444444444,
      "10": 0.9704999999999999,
      "11": 1.0,
      "12": 1.0,
      "13": 1.0,
      "14": 1.0,
      "15": 1.0,
      "16": 1.0,
      "17": 1.0,
      "18": 1.0,
      "19": 1.0,
      "20": 1.0
    },
    "mrr": 0.9975,
    "ndcg": 0.9953498754864207
  }
}