{
  "recall_at_k": {
    "1": 1.0,
    "2": 1.0,
    "3": 1.0,
    "4": 1.0,
    "5": 1.0,
    "6": 1.0,
    "7": 1.0,
    "8": 1.0,
    "9": 1.0,
    "10": 1.0,
    "11": 1.0,
    "12": 1.0,
    "13": 1.0,
    "14": 1.0,
    "15": 1.0,
    "16": 1.0,
    "17": 1.0,
    "18": 1.0,
    "19": 1.0,
    "20": 1.0
  },
  "precision_at_k": {
    "1": 1.0,
    "2": 0.9975,
    "3": 0.995,
    "4": 0.99125,
    "5": 0.991,
    "6": 0.9875,
    "7": 0.985,
    "8": 0.980625,
    "9": 0.9783333333333334,
    "10": 0.9735,
    "11": 0.9695454545454547,
    "12": 0.9641666666666667,
    "13": 0.9588461538461539,
    "14": 0.9528571428571427,
    "15": 0.949,
    "16": 0.941875,
    "17": 0.9382352941176471,
    "18": 0.9336111111111112,
    "19": 0.9273684210526315,
    "20": 0.92175
  },
  "mrr": 1.0,
  "ndcg": 0.9942836515316319,
  "avg_query_time": 0.028661495447158812
}