{
  "1": {
    "recall_at_k": {
      "1": 0.998,
      "2": 1.0,
      "3": 1.0,
      "4": 1.0,
      "5": 1.0,
      "6": 1.0,
      "7": 1.0,
      "8": 1.0,
      "9": 1.0,
      "10": 1.0,
      "11": 1.0,
      "12": 1.0,
      "13": 1.0,
      "14": 1.0,
      "15": 1.0,
      "16": 1.0,
      "17": 1.0,
      "18": 1.0,
      "19": 1.0,
      "20": 1.0
    },
    "precision_at_k": {
      "1": 0.998,
      "2": 0.993,
      "3": 0.99,
      "4": 0.987,
      "5": 0.9843999999999999,
      "6": 0.9803333333333334,
      "7": 0.9757142857142856,
      "8": 0.9715,
      "9": 0.9662222222222223,
      "10": 0.9606,
      "11": 0.954,
      "12": 0.9466666666666667,
      "13": 0.9396923076923076,
      "14": 0.932,
      "15": 0.9250666666666667,
      "16": 0.91725,
      "17": 0.9104705882352941,
      "18": 0.9026666666666667,
      "19": 0.895578947368421,
      "20": 0.8887
    },
    "mrr": 0.999,
    "ndcg": 0.9909375571078404
  },
  "5": {
    "recall_at_k": {
      "1": 0.998,
      "2": 1.0,
      "3": 1.0,
      "4": 1.0,
      "5": 1.0,
      "6": 1.0,
      "7": 1.0,
      "8": 1.0,
      "9": 1.0,
      "10": 1.0,
      "11": 1.0,
      "12": 1.0,
      "13": 1.0,
      "14": 1.0,
      "15": 1.0,
      "16": 1.0,
      "17": 1.0,
      "18": 1.0,
      "19": 1.0,
      "20": 1.0
    },
    "precision_at_k": {
      "1": 0.998,
      "2": 0.993,
      "3": 0.99,
      "4": 0.988,
      "5": 0.9856,
      "6": 0.9823333333333334,
      "7": 0.9794285714285713,
      "8": 0.97625,
      "9": 0.9726666666666668,
      "10": 0.9686,
      "11": 0.9638181818181818,
      "12": 0.9578333333333332,
      "13": 0.952,
      "14": 0.9454285714285713,
      "15": 0.9405333333333333,
      "16": 0.9345,
      "17": 0.9304705882352942,
      "18": 0.9256666666666666,
      "19": 0.9197894736842105,
      "20": 0.9151999999999999
    },
    "mrr": 0.999,
    "ndcg": 0.9922357728895351
  },
  "10": {
    "recall_at_k": {
      "1": 1.0,
      "2": 1.0,
      "3": 1.0,
      "4": 1.0,
      "5": 1.0,
      "6": 1.0,
      "7": 1.0,
      "8": 1.0,
      "9": 1.0,
      "10": 1.0,
      "11": 1.0,
      "12": 1.0,
      "13": 1.0,
      "14": 1.0,
      "15": 1.0,
      "16": 1.0,
      "17": 1.0,
      "18": 1.0,
      "19": 1.0,
      "20": 1.0
    },
    "precision_at_k": {
      "1": 1.0,
      "2": 0.999,
      "3": 0.9993333333333333,
      "4": 0.999,
      "5": 0.998,
      "6": 0.996,
      "7": 0.9942857142857143,
      "8": 0.99375,
      "9": 0.9924444444444444,
      "10": 0.991,
      "11": 0.9890909090909091,
      "12": 0.9868333333333332,
      "13": 0.9849230769230769,
      "14": 0.9818571428571429,
      "15": 0.9794666666666667,
      "16": 0.97675,
      "17": 0.9744705882352942,
      "18": 0.9720000000000001,
      "19": 0.9687368421052631,
      "20": 0.9665
    },
    "mrr": 1.0,
    "ndcg": 0.9981796799818139
  },
  "30": {
    "recall_at_k": {
      "1": 1.0,
      "2": 1.0,
      "3": 1.0,
      "4": 1.0,
      "5": 1.0,
      "6": 1.0,
      "7": 1.0,
      "8": 1.0,
      "9": 1.0,
      "10": 1.0,
      "11": 1.0,
      "12": 1.0,
      "13": 1.0,
      "14": 1.0,
      "15": 1.0,
      "16": 1.0,
      "17": 1.0,
      "18": 1.0,
      "19": 1.0,
      "20": 1.0
    },
    "precision_at_k": {
      "1": 1.0,
      "2": 1.0,
      "3": 1.0,
      "4": 1.0,
      "5": 1.0,
      "6": 1.0,
      "7": 1.0,
      "8": 1.0,
      "9": 1.0,
      "10": 1.0,
      "11": 1.0,
      "12": 1.0,
      "13": 1.0,
      "14": 1.0,
      "15": 1.0,
      "16": 1.0,
      "17": 1.0,
      "18": 1.0,
      "19": 1.0,
      "20": 1.0
    },
    "mrr": 1.0,
    "ndcg": 1.0
  },
  "60": {
    "recall_at_k": {
      "1": 1.0,
      "2": 1.0,
      "3": 1.0,
      "4": 1.0,
      "5": 1.0,
      "6": 1.0,
      "7": 1.0,
      "8": 1.0,
      "9": 1.0,
      "10": 1.0,
      "11": 1.0,
      "12": 1.0,
      "13": 1.0,
      "14": 1.0,
      "15": 1.0,
      "16": 1.0,
      "17": 1.0,
      "18": 1.0,
      "19": 1.0,
      "20": 1.0
    },
    "precision_at_k": {
      "1": 1.0,
      "2": 1.0,
      "3": 1.0,
      "4": 1.0,
      "5": 1.0,
      "6": 1.0,
      "7": 1.0,
      "8": 1.0,
      "9": 1.0,
      "10": 1.0,
      "11": 1.0,
      "12": 1.0,
      "13": 1.0,
      "14": 1.0,
      "15": 1.0,
      "16": 1.0,
      "17": 1.0,
      "18": 1.0,
      "19": 1.0,
      "20": 1.0
    },
    "mrr": 1.0,
    "ndcg": 1.0
  }
}